,count,mean,std,min,25%,50%,75%,max
Channel,440.0,1.3227272727272728,0.46805156947911375,1.0,1.0,1.0,2.0,2.0
Region,440.0,2.543181818181818,0.7742724492301,1.0,2.0,3.0,3.0,3.0
Fresh,440.0,12000.297727272728,12647.328865076892,3.0,3127.75,8504.0,16933.75,112151.0
Milk,440.0,5796.265909090909,7380.377174570841,55.0,1533.0,3627.0,7190.25,73498.0
Grocery,440.0,7951.277272727273,9503.162828994344,3.0,2153.0,4755.5,10655.75,92780.0
Frozen,440.0,3071.931818181818,4854.673332592366,25.0,742.25,1526.0,3554.25,60869.0
Detergents_Paper,440.0,2881.4931818181817,4767.854447904201,3.0,256.75,816.5,3922.0,40827.0
Delicassen,440.0,1524.8704545454545,2820.105937369397,3.0,408.25,965.5,1820.25,47943.0
